ZCTA,lat,lon,pop_below_18
30165,34.30278814,-85.27242734,10301.251
30058,33.737695445410786,-84.1078269,16174.075
30083,33.79638814733612,-84.19233914,13730.745
30084,33.85455928065487,-84.21660047,8385.7246
30087,33.81082048537419,-84.13128283,8054.6679
30157,33.88640133453392,-84.87314405,12720.934
30170,33.43067625422915,-85.16816857,847.80693
30173,34.13536365492883,-85.14217225,1491.9183
30222,33.04113056659446,-84.74298293,803.65514
30277,33.379585177516255,-84.64768268,5335.3268
30309,33.79796786048589,-84.38763999,2079.1871
30331,33.706248615799275,-84.54442375,16680.661
30410,32.186540372845954,-82.51765745,362.18955
30425,32.64735079,-82.02334719,338.13535
30461,32.50718645260898,-81.71930846,3662.789
30531,34.51015998885744,-83.59110946,2728.6094
30548,34.09311943231192,-83.76448873,5846.3309
30577,34.55551019621259,-83.32631735,4884.1051
30660,33.78235247846225,-82.94371914,300.69109
30705,34.74705613249444,-84.74933687,8261.0214
30813,33.470355070127304,-82.21929419,12132.781
30818,33.267649271235065,-82.32647963,119.23946
30904,33.478557580537256,-82.01316877,6029.0048
31017,32.62072949021172,-83.23309568,329.36756
31049,32.682798245598924,-82.52635202,440.22175
31063,32.29250085255032,-83.96481628,1094.7576
31075,32.35424332434221,-82.95276851,528.80727
31308,32.175793021310625,-81.48022315,1954.0318
31324,31.855244233162303,-81.26814443,8465.3806
31547,30.79093895560174,-81.53436705,356.43933
31563,31.73644690230979,-82.18292991,312.57458
31639,31.212384528814507,-83.19250156,2365.2993
31716,31.36513205539095,-84.11443263,667.83477
31781,31.56063664,-83.79315805,338.63944
31836,32.79188772164092,-84.54894287,167.71915
39842,31.758242368600204,-84.44306161,1790.1684
30005,34.08577073177012,-84.22160824,10735.901
30025,33.656860996970444,-83.69869301,2180.0394
30032,33.73986289168534,-84.2641147,10739.757
30033,33.813429476689834,-84.28346795,5430.5604
30088,33.75960289631897,-84.1792414,7306.578
30103,34.36455274901692,-84.92014594,3292.1538
30113,33.85310663909303,-85.20966238,1395.1602
30236,33.521522295385886,-84.32399042,13508.95
30296,33.563488595276006,-84.44257575,7234.5635
30336,33.737175527525366,-84.56774138,304.95084
30413,32.88458687484397,-82.51395441,300.58727
30450,32.55963802211336,-81.93317031,618.24851
30527,34.47948028414069,-83.78634303,906.10303
30535,34.58063098416024,-83.57648073,1592.7356
30566,34.23743068,-83.89479096,1725.345
30606,33.938717986763734,-83.43302915,9061.2342
30628,34.03115965670824,-83.21363596,1818.0137
30630,33.89890931436315,-83.143662,568.21006
30633,34.1789561,-83.24609745,1909.302
30669,33.67160957927171,-83.11179843,800.47234
30678,33.44626286133864,-83.0759976,225.39878
30746,34.59209623010576,-85.0328717,471.89262
31009,32.27635013809235,-83.00562787,225.25149
31021,32.48989767596115,-82.93421836,6773.662
31045,33.28488599486593,-82.78935832,11.865509
31047,32.46784744057897,-83.58001693,3774.2397
31068,32.33221753353539,-84.10709467,724.63078
31217,32.84503140875009,-83.50573925,4342.732
31309,31.88381834725969,-81.44362443,153.50523
31415,32.08027531725042,-81.1260195,3271.6954
31548,30.79532119218429,-81.71051696,5679.8489
31638,30.90625621901548,-83.5158857,209.01794
31771,31.243325218307856,-83.64776217,1368.715
31788,31.10892145784688,-83.68100362,3087.1209
31814,32.205294823547646,-84.86138972,13.068051
31831,32.66482387048586,-84.70701143,664.83297
39836,31.66293146231853,-84.87725056,123.80429
31905,32.37302178418598,-84.84334443,5167.7862
30017,33.88939492725457,-83.9635051,6619.5898
30041,34.201590063907844,-84.09382282,19425.958
30056,33.49497121551766,-83.6506777,655.6366
30108,33.53168652291066,-85.2623972,1532.3603
30141,33.86240093442026,-84.77522525,6134.4995
30183,34.33849655690187,-84.59761949,838.60021
30256,33.01651589424176,-84.31514797,772.05145
30307,33.77056927125211,-84.33413119,3497.7479
30327,33.86708911550981,-84.42357199,5393.2809
30417,32.169530914278944,-81.9197666,2851.2237
30522,34.78352642144357,-84.34231869,183.14868
30542,34.178431449951304,-83.90913198,8941.266
30559,34.95237823180641,-84.26610876,758.51375
30582,34.94937833,-83.89865143,677.06881
30619,33.85747985904433,-83.24034402,338.66333
30683,33.94701610364973,-83.25776775,1520.0563
30821,33.48503227719194,-82.73124464,176.63734
31015,31.93729921251373,-83.77445008,5143.7974
31038,33.15553541323802,-83.61647224,180.46915
31061,33.06040041151324,-83.22808393,8077.7147
31329,32.42510217,-81.34306327,2809.6397
31409,32.010590658006194,-81.15541565,228.61574
31518,31.512682106074248,-82.18324305,144.56941
31532,31.724592543410434,-82.74884099,116.16167
31553,31.173052139059347,-81.9802608,901.76259
31567,31.630115210070294,-82.70707588,140.65535
31629,30.82048211832401,-83.68808,135.37062
31714,31.710723268933865,-83.6750107,1406.6364
31824,32.05687055614132,-84.52291149,355.96711
39819,30.784827633894214,-84.64310265,2262.8615
30009,34.077122263814545,-84.30283727,4854.5404
30045,33.93048545610978,-83.93017007,12440.429
30047,33.87102884802101,-84.11308769,18044.035
30054,33.676531723221125,-83.87559172,2509.6845
30094,33.61239479231912,-84.05549816,7710.8357
30132,33.99042036575627,-84.85277934,12070.099
30180,33.72015268,-84.91956179,10579.497
30233,33.29489618397129,-83.97507733,5330.4634
30295,33.09316958478264,-84.31822297,966.56307
30340,33.89804566816888,-84.25110411,7867.28
30434,33.02867332337523,-82.37263714,1178.2825
30467,32.75099876,-81.60468787,2346.6686
30504,34.26638424174064,-83.88744699,7512.3886
30528,34.608275273476615,-83.77581532,5043.107
30575,34.20350827630917,-83.71550521,514.17657
30728,34.680178084158655,-85.23416144,5181.6875
31033,33.07656878271595,-83.43640368,593.94153
31069,32.440625395510395,-83.74376756,4748.5212
31078,32.698671236433256,-84.06450445,785.90354
31312,32.32106096852987,-81.40116533,5971.4867
31410,32.01816086,-80.99211294,5925
31546,31.525175723308028,-81.81132074,1442.8556
31624,31.299093780118685,-82.72613102,449.71518
31649,30.94350318451268,-83.00782014,176.15222
31705,31.51166493302557,-84.05331115,7914.0991
31764,31.977088690583603,-84.08145357,230.84548
31789,31.47844933387924,-83.7325637,321.14077
31807,32.640560644479926,-84.80141838,483.76359
31909,32.54517370886436,-84.92382755,9627.5878
39861,31.13633723247637,-84.98842225,232.717
30002,33.77308375915922,-84.26090171,1294.6296
30004,34.143559992160526,-84.29925673,18511.3
30012,33.71738752712357,-83.99915059,8669.5916
30024,34.063392129689284,-84.09112298,23093.04
30071,33.93977625236633,-84.20561848,7020.2775
30080,33.87865291601034,-84.50527951,11378.19
30092,33.971472611273946,-84.23534775,8443.985
30097,34.02708160182204,-84.1470298,11472.66
30152,33.99437953039119,-84.64740612,10810.75
30257,33.14219995435342,-84.18609134,851.35935
30268,33.54357834303224,-84.72262959,2931.4941
30297,33.615116999578994,-84.37144345,8340.0528
30316,33.71279105473504,-84.33218881,5481.8053
30421,32.18400062708147,-82.11095637,642.29909
30471,32.538129159796355,-82.18568581,834.82002
30519,34.087936551398386,-83.94230406,13585.148
30536,34.65150896966959,-84.35223006,1729.7128
30565,34.08802148296796,-83.41203315,1057.977
30620,33.92916727966101,-83.7595858,4128.8216
30739,34.80347134592503,-85.21516417,1344.8692
30742,34.93559672091076,-85.24484171,1236.1336
30823,33.22196652119978,-82.45646921,403.65186
31006,32.581541222348136,-84.25527963,912.83516
31065,32.562997489723145,-83.16646174,254.79789
31098,32.61898850696797,-83.57357755,851.36492
31322,32.10257331151204,-81.25627985,5666.8988
31326,32.296525141545935,-81.22823423,5888.002
31562,30.47782676194432,-82.10766178,515.43779
31632,30.98757811077977,-83.36007676,3550.8068
31738,31.01131222867758,-83.87502892,671.0201
31778,30.975414037197314,-83.70930268,502.5865
31805,32.26619983101801,-84.74615828,657.01903
39826,31.820946199940703,-84.32420479,100.34214
39866,31.55951740193221,-84.6055345,174.07651
30011,34.02281811533911,-83.83640717,4677.5355
30013,33.64295532203611,-83.97150931,5797.8339
30030,33.77207312294352,-84.29130984,8965.8332
30043,34.00355443152374,-84.00705654,22690.334
30104,34.08789529259173,-85.069806,1390.4046
30135,33.67284482086199,-84.74526703,18119.248
30206,33.096702111345614,-84.46302239,748.04783
30251,33.18869978099961,-84.69983391,476.5039
30455,32.70108206990703,-81.80652035,156.09644
30560,34.87785129,-84.19530816,792.74973
30641,33.778711542882654,-83.5645479,455.75757
30730,34.36009846981104,-85.42168965,471.29475
30757,34.94163693,-85.43239017,307.8505
30809,33.555241205549244,-82.16354338,14124.852
31012,32.39419533664549,-83.17715363,259.23773
31054,32.88214790148891,-83.20723938,266.16914
31088,32.58586702487779,-83.65522009,15279.94
31307,32.17974283913913,-81.39669621,260.52805
31527,31.07402804115159,-81.41807328,164.54513
31545,31.648634665117797,-81.94049697,4433.8721
31568,31.009757779864103,-81.82218169,171.74892
31709,32.05070472477663,-84.14014416,3261.0053
31733,31.59291874286086,-83.48600632,307.04834
31783,31.764123091430747,-83.47375654,215.29275
31812,32.631722576215985,-84.42019385,67.419532
39827,30.94912813805759,-84.21674386,1073.818
39870,31.31943676964816,-84.41073594,409.8317
30021,33.80805472508716,-84.2390807,8691.713
30028,34.289271058505165,-84.17985954,8337.1112
30035,33.72558398877848,-84.20537459,5843.2222
30046,33.94972573231278,-83.99386749,10663.037
30110,33.740724607924044,-85.136999,3481.349
30184,34.260375670957835,-84.71594814,2004.4799
30234,33.32996891120636,-84.02619613,411.29883
30273,33.58364608142614,-84.27212033,5016.4097
30305,33.83520979885608,-84.38928922,4120.2204
30339,33.86792219221747,-84.46480562,4014.4045
30401,32.603927747003404,-82.34827396,3752.8365
30470,32.33015849533516,-82.51817016,189.08798
30543,34.29781383061895,-83.64973559,1299.3468
30563,34.559537126649005,-83.46285662,1452.5721
30607,34.01895061,-83.44773741,3345.8072
30650,33.59065745089986,-83.46693072,2952.168
30711,34.929092549611674,-84.76256995,933.12973
30738,34.79533129942232,-85.47852325,765.40273
30753,34.578953918884444,-85.28806568,1878.0685
30815,33.28690351108075,-82.08287207,9769.889
31020,32.65367574696358,-83.50100663,409.29814
31031,32.874176694097905,-83.325569,1551.6086
31085,33.42557858,-83.63094685,244.7018
31211,32.90666176853662,-83.6043452,3321.5982
31419,31.984764578349303,-81.23861544,10674.951
31516,31.30944033712608,-82.25644508,3570.6937
31558,30.80377249045087,-81.51093839,5256.586
31768,31.19322278659988,-83.84053014,5947.8586
31816,32.876216511780726,-84.60167704,1227.7621
39817,30.93949627377159,-84.59138166,2930.8679
39877,31.91832694571581,-84.50647035,104.2002
30019,33.97645838644316,-83.88249464,13345.373
30022,34.02746676685853,-84.24644624,18106.003
30039,33.79869135736513,-84.03413612,11138.9
30044,33.922033386659905,-84.06922076,28648.583
30076,34.027754122947606,-84.31720679,12743.814
30114,34.24430281088909,-84.53933115,12852.949
30125,34.00064987376437,-85.2733352,6492.8664
30189,34.12836788278772,-84.57147085,9497.3372
30213,33.591117931157065,-84.6332508,11353.796
30252,33.47203779,-84.06412875,12944.309
30276,33.26551947248057,-84.58201747,4558.5115
30294,33.63709316260681,-84.26281937,9380.0722
30439,32.41687834815014,-82.07111021,2449.3593
30457,32.398538787552816,-82.56502064,1349.8091
30513,34.82458505440884,-84.3186564,2182.919
30635,34.10340754226295,-82.80140654,3173.4586
30708,34.93989929622328,-84.6675645,105.45729
30901,33.43788006319926,-81.95318405,3653.7002
31025,32.33836407982528,-83.73877626,265.02895
31087,33.26606523,-83.00719662,988.88871
31316,31.71826158,-81.73447095,4321.7243
31535,31.45841116504634,-82.86499709,2975.6483
31626,30.776009268536747,-83.802134,602.12493
31707,31.587310648142505,-84.20691139,5726.1123
31763,31.738870829064812,-84.1471356,6558.5414
31823,32.80059107063161,-84.81377275,179.02357
39815,30.741442281604343,-84.49353468,382.66654
39897,30.912275729203724,-84.33297107,861.58039
30008,33.89651793023315,-84.58855315,9320.8765
30014,33.5810057,-83.81913458,10074.349
30016,33.51835612,-83.9307172,15565.307
30038,33.67078620673344,-84.14208163,9967.0599
30442,32.81675505,-81.9754892,1759.1924
30079,33.79163941810433,-84.25835138,892.70211
30118,33.572902155948725,-85.09943747,123.55072
30120,34.16638728242752,-84.8559487,10404.096
30161,34.23759713901891,-85.17327606,7825.9374
30052,33.816541900059406,-83.89539877,19773.656
30055,33.49049090257854,-83.74230287,713.01347
30060,33.92088901081509,-84.54300942,10089.39
30177,34.40713202196294,-84.37399688,152.67934
30062,33.99974781503398,-84.46901462,15877.021
30121,34.21073242313579,-84.77797287,5629.3796
30122,33.76332918446905,-84.63865172,6896.5649
30124,34.12875062912124,-85.35593709,518.34609
30064,33.938128278457576,-84.61694257,12117.78
30066,34.033980882999714,-84.50798504,13752.903
30168,33.78353243,-84.58770458,8019.8816
30171,34.36120202400928,-84.73582008,835.81362
30075,34.05285251341056,-84.38739888,13165.175
30067,33.93286212762666,-84.46180502,9483.4642
30068,33.96885006257298,-84.43278751,7710.6076
30070,33.57328225726091,-83.8955892,18.071261
30175,34.542394929776336,-84.52794686,1456.0919
30176,33.76974004370995,-85.30395965,1777.5745
30072,33.791287471580894,-84.20597941,111.20922
30126,33.81586499,-84.55170739,10195.552
30137,34.11655748,-84.7657,337.45396
30178,34.09704667621986,-84.97045215,789.9507
30078,33.861175195038875,-84.01795594,9144.518
30127,33.87651468,-84.69648546,16979.119
30179,33.78086844028546,-85.01962915,3954.7393
30082,33.85518450153666,-84.53726879,5698.9412
30134,33.774349479406666,-84.78239031,11295.127
30182,33.65606371661777,-85.24627896,611.88105
30214,33.49221757479603,-84.48695083,6229.2232
30093,33.90880547328143,-84.17840987,14431.535
30107,34.33520205369702,-84.34746366,4469.7992
30185,33.51973433937997,-84.90880582,955.73281
30187,33.65730146365013,-84.85456627,2229.521
30096,33.976881951372114,-84.14785607,17536.112
30101,34.043566360172285,-84.71246369,16808.669
30102,34.10856514251433,-84.64618289,10312.729
30139,34.43347754252472,-84.70571462,1024.0578
30188,34.11870809538741,-84.45528928,14813.361
30105,34.470109157913214,-85.15536106,405.73331
30147,34.13752095157588,-85.21874817,1060.2865
30149,34.31102928908222,-85.21689722,128.0077
30153,33.966765299634666,-85.05427921,4457.5961
30143,34.461998749449414,-84.42385514,4149.7714
30034,33.691951935859635,-84.24839165,9857.997
30106,33.83475413815502,-84.62945651,5586.2999
30144,34.03674231,-84.59174925,11982.243
30145,34.24172841,-84.98075989,2044.6945
30204,33.05841841,-84.12350578,2876.441
30040,34.21621992660501,-84.17978018,19296.831
30148,34.460079443147464,-84.26478542,129.46421
30205,33.26906543901767,-84.46637342,841.45736
30115,34.21295178708675,-84.40140922,12832.869
30116,33.552211621545545,-85.01299474,5274.011
30117,33.581097465653265,-85.13197327,8532.6607
30308,33.77095877869917,-84.37773573,1285.9865
30310,33.726910345045084,-84.42728885,6525.8306
30312,33.74461599,-84.3758139,3988.336
30217,33.28666219702651,-85.13305181,2106.6684
30230,33.16698824685038,-84.92068449,2137.6881
30265,33.41645155,-84.70751878,8583.6675
30258,32.99278391583317,-84.47023657,579.21707
30259,33.265222271065326,-84.74074682,896.46397
30281,33.563356816097155,-84.19614964,16717.437
30284,33.34028784835334,-84.28857074,4.0460369
30220,33.228481430977375,-84.82464215,1093.9559
30253,33.45026442134405,-84.18577891,15628.596
30248,33.34974837848962,-84.10836766,7290.8073
30260,33.58621873516653,-84.33047002,8574.8103
30238,33.494936233464365,-84.38176141,12284.392
30223,33.286364503747215,-84.28018797,8546.4264
30286,32.880778676043896,-84.33333938,5244.1725
30288,33.65500758916485,-84.3281151,1905.5345
30289,33.32359597196981,-84.63369815,8.7138326
30290,33.47674297731773,-84.58803569,2042.7517
30240,33.03753535,-85.12218956,8190.1729
30291,33.57572056481744,-84.54083119,6109.1486
30241,33.02112851498629,-84.95286817,5752.8121
30250,33.43484603948976,-84.30607785,112.26491
30263,33.38849915974535,-84.85914267,15068.333
30292,33.17205377695063,-84.39438614,1388.5131
30293,32.97583157043793,-84.59611414,516.69821
30269,33.39372188575534,-84.56973666,9218.5459
30224,33.20412598408065,-84.23590553,6554.1579
30218,33.12705297815811,-84.58089223,375.41982
30303,33.75284531630712,-84.39022594,200.65916
30215,33.38881896562455,-84.4570539,8520.2301
30216,33.239500938975134,-83.88161732,357.26077
30228,33.40370723747537,-84.30572986,11617.854
30285,32.98647687187973,-84.25257278,157.09006
30274,33.555791571169145,-84.40089943,9070.6348
30275,33.43065445957774,-84.86786445,13.615261
30306,33.78864073099279,-84.3512806,4180.745
30322,33.7945928,-84.3252362,63.113389
30326,33.84961545545771,-84.36350793,496.3722
30350,33.97883891198621,-84.33370336,6588.0583
30311,33.723450579923025,-84.47444055,8326.1977
30329,33.826198253674335,-84.32275722,5675.0377
30332,33.77761762493882,-84.40434763,35.977097
30334,33.74865221128381,-84.38789407,0.11625177
30360,33.93196101464121,-84.27304258,4585.2459
30363,33.79147818501103,-84.39889203,120.98256
30427,31.922674692675503,-81.96620969,3029.1083
30313,33.76361259702437,-84.39767019,563.87485
30337,33.64019036515931,-84.44962682,3612.5451
30338,33.94373046,-84.31803938,9128.7534
30411,32.12537168161734,-82.79356552,880.59561
30412,32.07973282159188,-82.48641489,24.221726
30420,32.30364180896951,-82.12956321,473.12584
30314,33.75786159006989,-84.43196334,4439.0982
30344,33.675071123630445,-84.46029798,7590.4357
30415,32.32773733136015,-81.60078565,1641.3779
30315,33.70311719126273,-84.38272746,9238.4314
30428,32.21699379866412,-82.71428347,409.795
30429,32.158894788484986,-81.93706527,70.293273
30436,32.14924777,-82.29022854,3178.7245
30341,33.887113753852454,-84.28993284,8592.5928
30342,33.88228777672834,-84.37426273,7301.1764
30317,33.749163963638615,-84.3154417,2550.1422
30345,33.85088389701972,-84.28314909,5136.2549
30324,33.819539237362584,-84.35724763,3326.9729
30328,33.931926264189364,-84.38620861,7172.3896
30346,33.924277277423045,-84.3388091,878.37675
30423,32.146041084520164,-81.82309949,24.544657
30441,32.81462578646229,-82.23680381,410.52493
30318,33.79235774565494,-84.44826734,9864.9437
30354,33.66057809067351,-84.38610418,4648.2405
30426,33.03539825209575,-81.65141419,230.23103
30319,33.87868444434388,-84.33594428,9491.1148
30349,33.623471889290975,-84.52584025,18865.249
30552,34.76965836083366,-83.44573255,307.81999
30554,34.40092793219725,-83.65921525,1999.58
30627,33.982631762505235,-82.96259289,463.34054
30629,34.07777814528277,-83.11625917,1148.6734
30456,32.98135080912807,-81.79243443,516.77661
30520,34.33833361,-83.08661588,1212.7167
30557,34.48134289557573,-83.18490727,938.47855
30501,34.31846603612777,-83.81635547,7984.2794
30521,34.362029263286054,-83.29354866,986.29014
30549,34.107306229558496,-83.57682818,7122.5763
30523,34.72006665,-83.54163327,2311.8093
30525,34.91289186540554,-83.35862542,1323.2318
30458,32.39727002,-81.82688497,7922.7376
30553,34.444710996894614,-83.0877355,1762.7576
30555,34.97217480361648,-84.42455118,300.52025
30507,34.26076965,-83.76623168,8909.9206
30506,34.34916090963695,-83.8949574,9293.6286
30533,34.57341963252467,-84.01572345,4911.9051
30558,34.26826974412158,-83.56789059,1425.97
30510,34.44197075575424,-83.58446056,2382.3559
30511,34.456736191231435,-83.47474139,871.76307
30460,32.42710068190633,-81.78277562,0.98579179
30529,34.21547428044968,-83.48202034,3020.4873
30530,34.226868217807954,-83.3843255,1676.0928
30464,32.43508725,-82.221859,17.695572
30534,34.43082015897428,-84.14382071,6254.3677
30562,34.91941179590105,-83.38165123,82.903433
30568,34.953416899823296,-83.41215148,243.57664
30601,34.00032036371683,-83.34850131,3790.4539
30571,34.71219908519423,-83.68324072,347.63546
30564,34.47252780303067,-83.88264073,853.87933
30512,34.85661122,-83.97193492,3484.8444
30567,34.18326246508619,-83.68140494,1265.1354
30516,34.37531597,-83.03742792,428.98598
30517,34.13048681854761,-83.79752634,3837.402
30537,34.97846908525376,-83.32986588,223.31726
30540,34.723099659929495,-84.54426796,3665.3841
30541,34.911675110194054,-84.5348683,286.3739
30546,34.9067292,-83.71020321,880.34119
30572,34.73540207334949,-84.07365327,173.55115
30573,34.74241872484869,-83.39983044,25.309545
30576,34.826857607736294,-83.44536964,420.93627
30538,34.50353975,-83.26891277,607.15801
30581,34.801765986796084,-83.42393367,15.189453
30518,34.132002630421375,-84.02581461,15221.205
30473,32.01614202850957,-82.47197159,589.79984
30445,32.16709757873611,-82.58409003,775.61366
30446,32.55986939,-81.46737687,465.26822
30448,32.487562213161574,-82.36433989,8.7418313
30602,33.942544950013094,-83.37251963,6.47
30621,33.80193220699892,-83.47913599,1346.7058
30624,34.18094726976973,-83.03885487,697.60774
30449,32.522581778682564,-81.52982367,26.204563
30605,33.90547981054035,-83.32404924,6410.3588
30451,32.39327266859307,-81.95621752,8.4720498
30452,32.31703787761056,-81.89414701,580.52975
30474,32.223897590058534,-82.41380341,4144.1379
30545,34.74209018803918,-83.75814582,150.66509
30609,33.93284282172992,-83.37222159,15.2
30622,33.920402333808426,-83.53078673,2862.7542
30453,32.01922501973955,-82.11902461,1874.884
30454,32.43854179761855,-82.73425503,109.47298
30477,32.86272905,-82.3979113,622.48693
30547,34.35737148921529,-83.46096018,785.92146
30623,33.73099363080402,-83.51591267,20.683995
30625,33.521266007137555,-83.34210263,462.57623
30721,34.79159548083583,-84.91190701,14544.968
30720,34.73467196901313,-85.00292001,7028.1906
30810,33.23244628828656,-82.58852561,451.59877
30812,33.36745162883102,-82.02906653,24.379818
30655,33.78213267641468,-83.69077147,6557.6099
30631,33.565497168062606,-82.87034372,254.51479
30656,33.86301331850552,-83.71902411,4269.7605
30814,33.43601529650465,-82.31879338,2418.8295
30634,34.20303298302339,-82.94525647,532.20733
30725,34.92435337,-85.35362786,824.62061
30726,34.97586366996156,-85.13964462,19.583321
30666,33.95889614386746,-83.5826957,2537.729
30673,33.727153956871675,-82.71592327,1484.3108
30817,33.774603483502446,-82.43463565,1464.9978
30820,33.22456232135856,-82.71986123,264.00963
30668,33.908361794622685,-82.69486744,337.3082
30662,34.26384487423362,-83.14624277,2309.948
30733,34.415735749560284,-85.04350372,406.26306
30833,33.189339488869095,-82.36013305,926.93627
30663,33.615710805355555,-83.60356712,680.37284
30664,33.557876805665764,-82.79907295,2.4862092
30665,33.53708613630633,-83.07473581,31.8
30667,33.78525630777014,-83.16633275,143.95503
30822,32.91864166216734,-81.94438427,5.9446444
30731,34.58314913263419,-85.47890079,622.6792
30734,34.53363393378028,-84.71346346,771.38921
30735,34.601821637691856,-84.89373663,1499.4817
30824,33.51581215939854,-82.51466477,4147.253
30736,34.90242962531144,-85.13310043,10698.973
30642,33.54456981838567,-83.18320889,2209.7389
30677,33.792856603198544,-83.38182425,5203.3539
30740,34.754052954604546,-85.077897,1877.4964
30828,33.37279275899097,-82.65353511,794.73906
30741,34.951688488044454,-85.28212127,5626.1881
30752,34.91131541937003,-85.53079881,1765.0666
30803,33.13875267926338,-82.55016526,184.80408
30830,33.082026837947964,-81.97520941,3817.8548
30643,34.36461054686089,-82.91140481,2836.5032
30648,33.87576105265447,-83.03316175,672.9168
30701,34.495367075031865,-84.95388072,10481.167
30805,33.28009689393165,-82.19934036,656.65437
30807,33.45512648728409,-82.64787246,28.252787
30680,33.99726648729515,-83.69745568,11963.302
30747,34.50178738259177,-85.29411333,3051.3203
30646,34.08009152517351,-83.31252561,1693.1713
30750,34.936813858032814,-85.38820483,776.29586
30751,34.98214309546685,-84.73752311,24.712063
30755,34.86941309857631,-85.04071904,2182.4806
30756,34.901053238917164,-84.97459038,13.025766
30905,33.408706297332785,-82.15072313,1344.9586
30802,33.60212745,-82.31836104,1481.1392
30808,33.382299930365164,-82.40235264,1102.9272
30816,33.163920435498085,-82.17062037,411.04305
30707,34.77934296480415,-85.36038585,3761.4514
30710,34.95004384600404,-84.91996107,1867.2196
31030,32.56860115781436,-83.89097408,3566.3196
31083,32.044738649208895,-82.81956367,44.085106
31084,31.96152023,-83.6025574,6.5793991
31002,32.54802665891622,-82.59014121,764.04188
31003,32.59688132604311,-83.2229276,26.815648
31032,33.01039608104513,-83.57290858,3589.6229
31005,32.54528033157817,-83.59495217,5191.5754
31007,32.18912631157594,-83.93384438,195.46371
31008,32.654814558360805,-83.78287162,4341.6818
31057,32.43320340132914,-83.94321728,385.76175
31058,32.49110037891448,-84.4127677,351.3495
31052,32.774322920645126,-83.84665555,1676.662
31039,32.60244979382661,-84.38031645,10.421053
31035,32.845987033465946,-82.70619601,220.26077
31019,32.426220493670066,-83.05340697,721.86873
31011,32.13311748980138,-83.05562909,214.37159
31060,31.98330179874595,-83.05672662,266.55226
31014,32.41436580089687,-83.34500614,2577.7437
31062,33.04337210656756,-83.21580084,0
31091,32.23656348,-83.69965669,569.21415
31092,32.08987147,-83.78303922,1467.1044
31093,32.64813280247854,-83.65688344,6415.0266
31064,33.290293735127406,-83.69989583,2300.5853
31094,33.11376958575897,-82.79891677,234.35083
31089,32.85238949432348,-82.86362596,976.96429
31090,32.79597506585033,-83.0511667,200.21758
31036,32.27055274601484,-83.49588948,2174.8071
31037,32.120571918831146,-82.93245697,501.78553
31041,32.37900018210766,-84.17209805,154.34195
31042,32.74422239541849,-83.1696233,220.87731
31016,32.83651488272312,-84.11489808,336.37409
31018,32.978911408766834,-82.62007841,490.21814
31044,32.66853076301086,-83.37615564,475.01999
31046,33.05234348144208,-83.7830013,822.1552
31070,32.18800685354204,-83.78667367,125.64824
31079,31.940969482226464,-83.46298203,491.86043
31066,32.80757021,-83.98955617,247.25468
31050,32.72923099163597,-83.94095653,153.6081
31022,32.512133991290824,-83.10956653,442.36193
31067,32.85229451248717,-82.96468719,32.880417
31096,32.71875070664059,-82.70635949,1272.0498
31051,32.14462627404127,-83.87817478,21.802776
31071,32.13324752,-83.52256273,241.78326
31072,31.965828983601064,-83.5662003,219.59311
31097,32.899460074399975,-84.15558201,255.81664
31055,31.98248706387988,-82.8904715,1547.6708
31023,32.18282744,-83.19910385,3042.9898
31076,32.547026892499225,-84.10757944,559.31053
31077,31.93485599249203,-83.17721183,193.01534
31210,32.90486657922711,-83.73559754,7997.7137
31201,32.81434298092228,-83.61845304,1110.2344
30906,33.348418237148906,-81.97235713,16214.6
31024,33.323415865786274,-83.36990781,4225.7667
31028,32.63163174922629,-83.6845867,1656.8064
31081,32.40823659373392,-84.27728192,54.443712
31204,32.84993226773971,-83.6761024,7236.2923
31027,32.57401065,-82.81954938,2446.838
31206,32.79381844239377,-83.68320755,7999.1091
30907,33.52192635509776,-82.08597591,10839.422
30909,33.47070325188368,-82.08375842,7450.11
30912,33.47020046428434,-81.98791731,0.2004111
31001,31.975941482515974,-83.33975264,744.25519
31029,33.03888747818456,-83.92980799,3632.2138
31082,32.9920422,-82.89818689,2355.9451
31207,32.82860220585453,-83.64929882,62.079005
31408,32.11163220336914,-81.18162398,2139.4683
31513,31.777880611122026,-82.34625361,3983.2577
31318,32.13576470494007,-81.37565274,129.81015
31411,31.93993866758595,-81.03437148,828
31320,31.766979892465123,-81.36181482,1541.5823
31213,32.84008108052391,-83.63935046,0
31321,32.18186853805353,-81.66467384,1763.8199
31512,31.545310035977227,-83.01259601,417.62141
31323,31.673600582813943,-81.45302073,238.51163
31501,31.22688163393985,-82.34847148,3418.2725
31216,32.72885494,-83.67911151,3950.3869
31327,31.45104044698708,-81.24599891,24.630388
31328,32.01062492805057,-80.8888434,407
31331,31.516560679732617,-81.41578128,1326.802
31519,31.67638207929032,-82.86947156,654.78802
31520,31.177448879126125,-81.487241,5648.589
31220,32.87813272427892,-83.82086506,3412.5396
31301,31.758104220214783,-81.60387266,841.54967
31302,32.1256668,-81.34133493,1632.1124
31303,32.49626335361687,-81.3060724,713.2502
31404,32.05059274529513,-81.05368607,7216.595
31522,31.232350538821997,-81.34775947,2039.4432
31305,31.389846504636928,-81.3890906,929.08335
31401,32.06833751,-81.09254342,3295.681
31523,31.21102490851425,-81.61509614,3084.5157
31503,31.1768477,-82.40168966,5393.2694
31524,31.240970672803076,-81.4744616,1.9758571
31405,32.03922023651286,-81.17353513,8664.0649
31510,31.547270628005123,-82.43987168,2512.8745
31525,31.31139868395327,-81.52290461,7540.819
31313,31.83536688203806,-81.61837383,11285.426
31314,31.90630363545864,-81.61669801,495.65414
31406,31.977803124525444,-81.08521572,7282.8448
31533,31.55021433276485,-82.82870328,5165.2629
31315,31.88767932783469,-81.6060094,3209.3458
31407,32.182325807725626,-81.1994389,4975.0617
31637,31.29299911380949,-83.44092901,658.15559
31543,31.34458888610404,-81.82698578,1200.707
31560,31.503090340404047,-82.02891918,680.95092
31641,30.93178754712012,-83.09670065,445.70195
31561,31.199555882175183,-81.32597651,0
31544,31.83803813303717,-82.95559734,185.19279
31642,31.259825494182213,-82.88272991,1194.7297
31569,30.90169847,-81.68245494,1251.554
31606,30.79630722705101,-83.1864751,798.86142
31643,30.77052359085396,-83.55860712,2003.2891
31566,31.18358372785214,-81.80843356,1128.8251
31602,30.86734959677664,-83.34268656,8360.0749
31605,30.93339437676155,-83.23478467,5841.3609
31620,31.11862794,-83.43731928,2778.2815
31622,31.374471755789017,-83.20228867,416.67105
31623,31.07136572271189,-82.64404008,40.850332
31645,31.062452177836324,-83.21844621,1463.2018
31647,31.21035075609473,-83.43157077,933.28681
31648,30.708359669153868,-83.00836935,199.95406
31549,31.945034705948498,-82.70928068,414.85965
31627,31.03924860379468,-83.39235287,63.358121
31650,31.383278120851763,-83.0275748,833.3231
31698,30.84751322733267,-83.2904927,130.26641
31699,30.96657518748128,-83.19244687,193.05885
31550,31.139259058245333,-82.59573893,109.2175
31555,31.702725521230693,-82.06647191,434.76855
31551,31.492226743125105,-82.27322792,159.64501
31630,30.923542876445705,-82.85663933,129.39261
31552,31.29140051460405,-82.59960659,282.9452
31631,30.71127283837256,-82.64664408,94.747581
31601,30.74772091195023,-83.33967072,7852.9106
31554,31.482637577888035,-82.61858513,1306.0188
31542,31.15271987,-82.12166309,755.73663
31556,31.405049929487884,-82.11524373,14.87054
31537,30.892221080969485,-82.12473798,1981.7962
31634,31.02867112997952,-82.73202209,1453.653
31701,31.573732882091047,-84.15510268,4350.4404
31565,31.068652655263417,-81.64759644,301.37353
31625,30.991815357963645,-83.52558629,249.30142
31635,31.10300895060424,-83.0432042,1568.3297
31539,31.82392719,-82.60666788,3946.2833
31557,31.37445510580748,-82.09708023,1093.723
31636,30.733728947838262,-83.10965482,2332.7634
31774,31.561086055644758,-83.27125307,1384.6467
31815,32.04114117834023,-84.85406216,463.9375
31826,32.79522369763889,-84.70295709,439.18591
31832,31.95503952180218,-84.61703074,46.850409
31825,32.10802323972023,-84.66928026,342.54719
31820,32.57575869,-84.82944802,3221.2075
31749,31.42127713693771,-83.33149878,730.48802
31792,30.77075813966591,-84.04240015,5880.6026
31757,30.87288644501936,-83.89943881,2353.9699
31775,31.33416393826383,-83.6036463,672.2658
31793,31.46098329710826,-83.58385025,2163.9864
31779,31.10031611456396,-84.19120637,1947.5708
31750,31.733949068660188,-83.21749302,4400.8458
31756,31.175603808794158,-83.96223614,236.00793
31780,32.02897227614832,-84.39024281,535.51066
31794,31.444126772429048,-83.45152275,6852.8084
31784,31.25669626347559,-84.04309126,141.51342
31795,31.47611375907721,-83.67632796,499.82096
31796,31.77349458345636,-83.87656489,367.40188
31787,31.89994450748013,-84.249514,450.21043
31798,31.641141821431397,-83.04342895,276.78823
31801,32.51763791184462,-84.59058245,445.96445
31711,32.18764927833888,-84.12258479,200.89242
31811,32.745221422235566,-84.93343085,1649.1427
31712,31.821535499402437,-83.72807414,229.27399
31765,31.09512528270104,-84.03458933,589.01504
31790,31.64820813975753,-83.56925576,423.81098
31719,32.08262641763339,-84.29770015,2280.0009
31803,32.304963748374355,-84.51681194,1460.8156
31804,32.66197972209235,-84.88403541,1227.7147
31720,30.87989544788832,-83.72304387,79.112755
31721,31.508583704875395,-84.30322196,4557.1962
31791,31.533802036186053,-83.87829158,2707.5953
31722,31.054945656368343,-83.61560917,127.92429
31772,31.722131082262727,-83.96504091,100.87316
31773,30.977933321646404,-84.04625575,943.20462
31806,32.26149748,-84.30041748,1131.6942
31743,31.900893803283783,-84.00602399,82.257948
31730,31.20751651443146,-84.28448289,2089.691
31808,32.63545694388081,-85.00719565,1952.9332
31735,31.97196654486244,-83.96445116,132.70863
31810,32.567783005711696,-84.53237498,18.786693
31744,31.33711936291304,-83.90643838,635.16787
31747,31.17533998693212,-83.58733218,44.004034
31830,32.89511591365115,-84.72687943,436.50622
39813,31.426312442128385,-84.68361363,427.30993
31904,32.55182422467293,-84.99998699,7922.638
39824,31.52883567356848,-84.86551888,70.39076
39825,30.923513024948743,-84.73502067,270.05375
31833,32.84958857150424,-85.09204637,1620.0959
31901,32.46455575555771,-84.97986557,793.95315
39828,30.79736382122792,-84.22456556,3473.673
31903,32.41481114,-84.95334901,5280.4379
39834,30.892898552208106,-84.42748411,508.09362
39837,31.15322128759679,-84.67280757,1253.7314
39840,31.788709196571755,-84.75986633,1338.7377
39841,31.29034698001183,-84.69123613,122.89195
39845,30.950023945203466,-84.89327897,1609.2161
39859,30.994924499664045,-84.80733108,211.5521
39867,31.84072637445421,-84.93689724,79.051441
39823,31.340014053148973,-84.94643181,2116.2586
39846,31.568411420323084,-84.74271272,558.15921
39851,31.63426608,-85.00083698,434.51201
31821,32.14049874,-84.9708198,38.164647
39854,31.86706628621099,-85.04881472,312.58787
31822,32.86704516020882,-84.91108337,1051.4895
31906,32.46813526755524,-84.94962085,5347.2719
39862,31.456855043173515,-84.51620854,116.83323
39885,31.721895826823506,-84.34302615,10.174203
31827,32.698246679425615,-84.49851979,404.25072
31829,32.566778850405804,-84.72785588,351.96447
31907,32.48386565265134,-84.89976784,12242.818
39886,31.73461829815103,-84.61551987,331.72051
31727,31.417779196664995,-83.387396,2.6250755
30598,34.596599652683786,-83.35416193,5.809099
39832,31.19305422321859,-85.02574995,12.093859
31599,31.56331545593981,-81.90271764,273.03047
30111,33.831805790528335,-84.65498565,2.0957782
30090,33.95314107488764,-84.54815891,0
31421,32.08711713342895,-81.08010876,8.9103513
30272,33.62312243950187,-84.5017559,3.8564224
30639,34.282737069523854,-83.15239736,1.6785414
30539,34.680607,-84.47012717,30.08547
30597,34.527576733223924,-83.98458855,217.0695
30229,33.22793439776323,-84.57034088,5.9188158
31034,33.054622852238666,-83.2255132,7.3372154
31564,31.24871614616253,-82.47094815,2.7363968
31753,31.20044635264903,-83.87284612,6.0498775
31333,31.767827609856106,-81.62745773,35.432233
31704,31.55102380761612,-84.05635545,22.798236
30018,33.71736245112525,-83.80037703,20.018669
30724,34.82517805,-84.75788494,7.453271
31004,32.95166455,-83.8053162,0.49172906
30414,32.15617799277968,-81.98517293,5.9658498
